{"paths": {"admin/js/vendor/select2/i18n/ar.js": "admin\\js\\vendor\\select2\\i18n\\ar.a8bb27ec698c.js", "admin/js/vendor/select2/i18n/az.js": "admin\\js\\vendor\\select2\\i18n\\az.498dc667b34e.js", "admin/js/vendor/select2/i18n/bg.js": "admin\\js\\vendor\\select2\\i18n\\bg.89cba4df3c86.js", "admin/js/vendor/select2/i18n/ca.js": "admin\\js\\vendor\\select2\\i18n\\ca.2eaad4eb1950.js", "admin/js/vendor/select2/i18n/cs.js": "admin\\js\\vendor\\select2\\i18n\\cs.a68bcd293adc.js", "admin/js/vendor/select2/i18n/da.js": "admin\\js\\vendor\\select2\\i18n\\da.cbf897a0ae53.js", "admin/js/vendor/select2/i18n/de.js": "admin\\js\\vendor\\select2\\i18n\\de.366d0aacb55f.js", "admin/js/vendor/select2/i18n/el.js": "admin\\js\\vendor\\select2\\i18n\\el.5629ce65500f.js", "admin/js/vendor/select2/i18n/en.js": "admin\\js\\vendor\\select2\\i18n\\en.05649b26c086.js", "admin/js/vendor/select2/i18n/es.js": "admin\\js\\vendor\\select2\\i18n\\es.dc9dbf9d65df.js", "admin/js/vendor/select2/i18n/et.js": "admin\\js\\vendor\\select2\\i18n\\et.c3953fb90b6b.js", "admin/js/vendor/select2/i18n/eu.js": "admin\\js\\vendor\\select2\\i18n\\eu.11b925456433.js", "admin/js/vendor/select2/i18n/fa.js": "admin\\js\\vendor\\select2\\i18n\\fa.98e52839b583.js", "admin/js/vendor/select2/i18n/fi.js": "admin\\js\\vendor\\select2\\i18n\\fi.659847deefdc.js", "admin/js/vendor/select2/i18n/fr.js": "admin\\js\\vendor\\select2\\i18n\\fr.b06a3340de45.js", "admin/js/vendor/select2/i18n/gl.js": "admin\\js\\vendor\\select2\\i18n\\gl.78a87f7c0a51.js", "admin/js/vendor/select2/i18n/he.js": "admin\\js\\vendor\\select2\\i18n\\he.222d90ee0344.js", "admin/js/vendor/select2/i18n/hi.js": "admin\\js\\vendor\\select2\\i18n\\hi.116a90b7111b.js", "admin/js/vendor/select2/i18n/hr.js": "admin\\js\\vendor\\select2\\i18n\\hr.e1d2c70b4df5.js", "admin/js/vendor/select2/i18n/hu.js": "admin\\js\\vendor\\select2\\i18n\\hu.db45641f10b2.js", "admin/js/vendor/select2/i18n/id.js": "admin\\js\\vendor\\select2\\i18n\\id.6ee6c9c64b94.js", "admin/js/vendor/select2/i18n/is.js": "admin\\js\\vendor\\select2\\i18n\\is.808c7d47acb5.js", "admin/js/vendor/select2/i18n/it.js": "admin\\js\\vendor\\select2\\i18n\\it.bae1661dbb77.js", "admin/js/vendor/select2/i18n/ja.js": "admin\\js\\vendor\\select2\\i18n\\ja.19cf1ce8a03d.js", "admin/js/vendor/select2/i18n/km.js": "admin\\js\\vendor\\select2\\i18n\\km.6074a9c5575c.js", "admin/js/vendor/select2/i18n/ko.js": "admin\\js\\vendor\\select2\\i18n\\ko.74b17541834f.js", "admin/js/vendor/select2/i18n/lt.js": "admin\\js\\vendor\\select2\\i18n\\lt.a0783b1bd159.js", "admin/js/vendor/select2/i18n/lv.js": "admin\\js\\vendor\\select2\\i18n\\lv.07fe2a580d17.js", "admin/js/vendor/select2/i18n/mk.js": "admin\\js\\vendor\\select2\\i18n\\mk.4986d7fc3ff3.js", "admin/js/vendor/select2/i18n/ms.js": "admin\\js\\vendor\\select2\\i18n\\ms.23e7b4369579.js", "admin/js/vendor/select2/i18n/nb.js": "admin\\js\\vendor\\select2\\i18n\\nb.137e184004aa.js", "admin/js/vendor/select2/i18n/nl.js": "admin\\js\\vendor\\select2\\i18n\\nl.c363ace8aa05.js", "admin/js/vendor/select2/i18n/pl.js": "admin\\js\\vendor\\select2\\i18n\\pl.76465b54a6b0.js", "admin/js/vendor/select2/i18n/pt-BR.js": "admin\\js\\vendor\\select2\\i18n\\pt-BR.9efbbac4fda8.js", "admin/js/vendor/select2/i18n/pt.js": "admin\\js\\vendor\\select2\\i18n\\pt.5d6ccc53b347.js", "admin/js/vendor/select2/i18n/ro.js": "admin\\js\\vendor\\select2\\i18n\\ro.1ddc2b9980dc.js", "admin/js/vendor/select2/i18n/ru.js": "admin\\js\\vendor\\select2\\i18n\\ru.d83609abf2e0.js", "admin/js/vendor/select2/i18n/sk.js": "admin\\js\\vendor\\select2\\i18n\\sk.a0f1a818d092.js", "admin/js/vendor/select2/i18n/sr-Cyrl.js": "admin\\js\\vendor\\select2\\i18n\\sr-Cyrl.2f3047aad49e.js", "admin/js/vendor/select2/i18n/sr.js": "admin\\js\\vendor\\select2\\i18n\\sr.157bc6eb978e.js", "admin/js/vendor/select2/i18n/sv.js": "admin\\js\\vendor\\select2\\i18n\\sv.2b21bb3f6110.js", "admin/js/vendor/select2/i18n/th.js": "admin\\js\\vendor\\select2\\i18n\\th.2a4ece4c4355.js", "admin/js/vendor/select2/i18n/tr.js": "admin\\js\\vendor\\select2\\i18n\\tr.c1925d8817db.js", "admin/js/vendor/select2/i18n/uk.js": "admin\\js\\vendor\\select2\\i18n\\uk.3d56f311192d.js", "admin/js/vendor/select2/i18n/vi.js": "admin\\js\\vendor\\select2\\i18n\\vi.3520aa7bdea8.js", "admin/js/vendor/select2/i18n/zh-CN.js": "admin\\js\\vendor\\select2\\i18n\\zh-CN.419002d3c6c1.js", "admin/js/vendor/select2/i18n/zh-TW.js": "admin\\js\\vendor\\select2\\i18n\\zh-TW.c021537edf2c.js", "admin/css/vendor/select2/LICENSE-SELECT2.md": "admin\\css\\vendor\\select2\\LICENSE-SELECT2.7cf1de939f3b.md", "admin/css/vendor/select2/select2.css": "admin/css/vendor/select2/select2.3805311d5fc1.css", "admin/css/vendor/select2/select2.min.css": "admin/css/vendor/select2/select2.min.d44571114a90.css", "admin/js/vendor/jquery/jquery.js": "admin\\js\\vendor\\jquery\\jquery.aacc43d6f308.js", "admin/js/vendor/jquery/jquery.min.js": "admin\\js\\vendor\\jquery\\jquery.min.33cabfa15c10.js", "admin/js/vendor/jquery/LICENSE-JQUERY.txt": "admin\\js\\vendor\\jquery\\LICENSE-JQUERY.a158210a2737.txt", "admin/js/vendor/select2/LICENSE-SELECT2.md": "admin\\js\\vendor\\select2\\LICENSE-SELECT2.7cf1de939f3b.md", "admin/js/vendor/select2/select2.full.js": "admin\\js\\vendor\\select2\\select2.full.a95323cb4760.js", "admin/js/vendor/select2/select2.full.min.js": "admin\\js\\vendor\\select2\\select2.full.min.da607360bcc6.js", "admin/js/vendor/xregexp/LICENSE-XREGEXP.txt": "admin\\js\\vendor\\xregexp\\LICENSE-XREGEXP.d64cecf4f157.txt", "admin/js/vendor/xregexp/xregexp.js": "admin\\js\\vendor\\xregexp\\xregexp.1865b1cf5085.js", "admin/js/vendor/xregexp/xregexp.min.js": "admin\\js\\vendor\\xregexp\\xregexp.min.c95393b8ca4d.js", "admin/img/gis/move_vertex_off.svg": "admin\\img\\gis\\move_vertex_off.7a23bf31ef8a.svg", "admin/img/gis/move_vertex_on.svg": "admin\\img\\gis\\move_vertex_on.0047eba25b67.svg", "admin/js/admin/DateTimeShortcuts.js": "admin\\js\\admin\\DateTimeShortcuts.9328d2bf6579.js", "admin/js/admin/RelatedObjectLookups.js": "admin\\js\\admin\\RelatedObjectLookups.ace63ab4b4e2.js", "admin/css/autocomplete.css": "admin/css/autocomplete.781713f30664.css", "admin/css/base.css": "admin/css/base.a419cbad388f.css", "admin/css/changelists.css": "admin/css/changelists.f6dc691f8d62.css", "admin/css/dashboard.css": "admin/css/dashboard.7ac78187c567.css", "admin/css/fonts.css": "admin/css/fonts.494e4ec545c9.css", "admin/css/forms.css": "admin/css/forms.2003a066ae02.css", "admin/css/login.css": "admin/css/login.a846c0e2ef65.css", "admin/css/responsive.css": "admin/css/responsive.25d98d3909ed.css", "admin/css/responsive_rtl.css": "admin/css/responsive_rtl.2a6652327ccd.css", "admin/css/rtl.css": "admin/css/rtl.4c867197b256.css", "admin/css/widgets.css": "admin/css/widgets.5e372b41c483.css", "admin/fonts/LICENSE.txt": "admin\\fonts\\LICENSE.d273d63619c9.txt", "admin/fonts/README.txt": "admin\\fonts\\README.2c3d0bcdede2.txt", "admin/fonts/Roboto-Bold-webfont.woff": "admin\\fonts\\Roboto-Bold-webfont.2ad99072841e.woff", "admin/fonts/Roboto-Light-webfont.woff": "admin\\fonts\\Roboto-Light-webfont.b446c2399bb6.woff", "admin/fonts/Roboto-Regular-webfont.woff": "admin\\fonts\\Roboto-Regular-webfont.ec39515ae8c6.woff", "admin/img/calendar-icons.svg": "admin\\img\\calendar-icons.39b290681a8b.svg", "admin/img/icon-addlink.svg": "admin\\img\\icon-addlink.d519b3bab011.svg", "admin/img/icon-alert.svg": "admin\\img\\icon-alert.034cc7d8a67f.svg", "admin/img/icon-calendar.svg": "admin\\img\\icon-calendar.ac7aea671bea.svg", "admin/img/icon-changelink.svg": "admin\\img\\icon-changelink.18d2fd706348.svg", "admin/img/icon-clock.svg": "admin\\img\\icon-clock.e1d4dfac3f2b.svg", "admin/img/icon-deletelink.svg": "admin\\img\\icon-deletelink.564ef9dc3854.svg", "admin/img/icon-no.svg": "admin\\img\\icon-no.439e821418cd.svg", "admin/img/icon-unknown-alt.svg": "admin\\img\\icon-unknown-alt.81536e128bb6.svg", "admin/img/icon-unknown.svg": "admin\\img\\icon-unknown.a18cb4398978.svg", "admin/img/icon-yes.svg": "admin\\img\\icon-yes.d2f9f035226a.svg", "admin/img/inline-delete.svg": "admin\\img\\inline-delete.fec1b761f254.svg", "admin/img/LICENSE": "admin\\img\\LICENSE.2c54f4e1ca1c", "admin/img/README.txt": "admin\\img\\README.837277fa1908.txt", "admin/img/search.svg": "admin\\img\\search.7cf54ff789c6.svg", "admin/img/selector-icons.svg": "admin\\img\\selector-icons.b4555096cea2.svg", "admin/img/sorting-icons.svg": "admin\\img\\sorting-icons.3a097b59f104.svg", "admin/img/tooltag-add.svg": "admin\\img\\tooltag-add.e59d620a9742.svg", "admin/img/tooltag-arrowright.svg": "admin\\img\\tooltag-arrowright.bbfb788a849e.svg", "admin/js/actions.js": "admin\\js\\actions.6bf7f1c0488d.js", "admin/js/actions.min.js": "admin\\js\\actions.min.741d6cf65b97.js", "admin/js/autocomplete.js": "admin\\js\\autocomplete.cfd2c4dc8981.js", "admin/js/calendar.js": "admin\\js\\calendar.aae57adab5f6.js", "admin/js/cancel.js": "admin\\js\\cancel.1d69cba4b4bf.js", "admin/js/change_form.js": "admin\\js\\change_form.9e85003a1a38.js", "admin/js/collapse.js": "admin\\js\\collapse.17d715df2104.js", "admin/js/collapse.min.js": "admin\\js\\collapse.min.e1d03a2acd1e.js", "admin/js/core.js": "admin\\js\\core.953326603873.js", "admin/js/inlines.js": "admin\\js\\inlines.bc34c02c43c8.js", "admin/js/inlines.min.js": "admin\\js\\inlines.min.4b879f616086.js", "admin/js/jquery.init.js": "admin\\js\\jquery.init.95b62fa19378.js", "admin/js/popup_response.js": "admin\\js\\popup_response.6ce3197f8fc8.js", "admin/js/prepopulate.js": "admin\\js\\prepopulate.ff9208865444.js", "admin/js/prepopulate.min.js": "admin\\js\\prepopulate.min.f4057ebb9b62.js", "admin/js/prepopulate_init.js": "admin\\js\\prepopulate_init.0d3b53c37074.js", "admin/js/SelectBox.js": "admin\\js\\SelectBox.b49f008d186b.js", "admin/js/SelectFilter2.js": "admin\\js\\SelectFilter2.2360f389ca5d.js", "admin/js/timeparse.js": "admin\\js\\timeparse.51258861a46a.js", "admin/js/urlify.js": "admin\\js\\urlify.3d46df4a0190.js", "debug_toolbar/css/print.css": "debug_toolbar/css/print.85b39f60bfe8.css", "debug_toolbar/css/toolbar.css": "debug_toolbar/css/toolbar.b35523ea26ab.css", "debug_toolbar/img/ajax-loader.gif": "debug_toolbar\\img\\ajax-loader.d96a4c3765e9.gif", "debug_toolbar/img/back.png": "debug_toolbar\\img\\back.1a85a8afa24e.png", "debug_toolbar/img/back_hover.png": "debug_toolbar\\img\\back_hover.d1e655d74852.png", "debug_toolbar/img/close.png": "debug_toolbar\\img\\close.c592da3c89b6.png", "debug_toolbar/img/close_hover.png": "debug_toolbar\\img\\close_hover.2592d7057d2c.png", "debug_toolbar/img/djdt_vertical.png": "debug_toolbar\\img\\djdt_vertical.204979d634f7.png", "debug_toolbar/img/indicator.png": "debug_toolbar\\img\\indicator.5eb28882cc03.png", "debug_toolbar/js/jquery_existing.js": "debug_toolbar\\js\\jquery_existing.80428b75d467.js", "debug_toolbar/js/jquery_post.js": "debug_toolbar\\js\\jquery_post.8c9db3d1cebc.js", "debug_toolbar/js/jquery_pre.js": "debug_toolbar\\js\\jquery_pre.a593235debe9.js", "debug_toolbar/js/toolbar.js": "debug_toolbar\\js\\toolbar.287d11e95feb.js", "debug_toolbar/js/toolbar.profiling.js": "debug_toolbar\\js\\toolbar.profiling.13e030bebb35.js", "debug_toolbar/js/toolbar.sql.js": "debug_toolbar\\js\\toolbar.sql.e9e00e697675.js", "debug_toolbar/js/toolbar.template.js": "debug_toolbar\\js\\toolbar.template.ef8e759fa78a.js", "debug_toolbar/js/toolbar.timer.js": "debug_toolbar\\js\\toolbar.timer.85df3882ee48.js", "naukri/images/background.jpg": "naukri\\images\\background.a3c4c6b52cf3.jpg", "naukri/images/icon.png": "naukri\\images\\icon.fabfbf2bc03a.png", "naukri/images/img_avatar2.png": "naukri\\images\\img_avatar2.5522155776f9.png", "naukri/style.css": "naukri/style.4fe38c8a6002.css"}, "version": "1.0"}